"protein1","protein2","combined_score","protein1_alias","protein2_alias"
"9606.ENSP00000011653","9606.ENSP00000477713",999,"LCK","CD4"
"9606.ENSP00000011653","9606.ENSP00000386559",900,"CD8A","CD4"
"9606.ENSP00000215832","9606.ENSP00000256078",837,"KRAS","MAPK1"
"9606.ENSP00000215832","9606.ENSP00000229795",804,"MAPK14","MAPK1"
"9606.ENSP00000215832","9606.ENSP00000362680",891,"SRC","MAPK1"
"9606.ENSP00000215832","9606.ENSP00000401303",870,"SHC1","MAPK1"
"9606.ENSP00000215832","9606.ENSP00000269305",893,"TP53","MAPK1"
"9606.ENSP00000215832","9606.ENSP00000401888",813,"RAF1","MAPK1"
"9606.ENSP00000215832","9606.ENSP00000264657",984,"STAT3","MAPK1"
"9606.ENSP00000216341","9606.ENSP00000401303",947,"SHC1","GZMB"
"9606.ENSP00000216341","9606.ENSP00000354952",933,"GAB2","GZMB"
"9606.ENSP00000221132","9606.ENSP00000241261",999,"TNFSF10","TNFRSF10A"
"9606.ENSP00000221132","9606.ENSP00000276431",994,"TNFRSF10B","TNFRSF10A"
"9606.ENSP00000222139","9606.ENSP00000481249",879,"SOCS2","EPOR"
"9606.ENSP00000222139","9606.ENSP00000330341",838,"SOCS3","EPOR"
"9606.ENSP00000222139","9606.ENSP00000428924",852,"LYN","EPOR"
"9606.ENSP00000222139","9606.ENSP00000252723",999,"EPO","EPOR"
"9606.ENSP00000222139","9606.ENSP00000341208",925,"STAT5A","EPOR"
"9606.ENSP00000222139","9606.ENSP00000401303",870,"SHC1","EPOR"
"9606.ENSP00000222139","9606.ENSP00000499900",932,"JAK1","EPOR"
"9606.ENSP00000222139","9606.ENSP00000371067",999,"JAK2","EPOR"
"9606.ENSP00000222139","9606.ENSP00000293328",861,"STAT5B","EPOR"
"9606.ENSP00000222139","9606.ENSP00000376345",953,"GRB2","EPOR"
"9606.ENSP00000225275","9606.ENSP00000234347",987,"PRTN3","MPO"
"9606.ENSP00000225275","9606.ENSP00000466090",984,"ELANE","MPO"
"9606.ENSP00000225474","9606.ENSP00000494504",900,"THPO","CSF3"
"9606.ENSP00000225474","9606.ENSP00000252723",929,"EPO","CSF3"
"9606.ENSP00000225474","9606.ENSP00000371067",944,"JAK2","CSF3"
"9606.ENSP00000225474","9606.ENSP00000296871",955,"CSF2","CSF3"
"9606.ENSP00000225474","9606.ENSP00000362195",999,"CSF3R","CSF3"
"9606.ENSP00000226730","9606.ENSP00000296870",949,"IL3","IL2"
"9606.ENSP00000226730","9606.ENSP00000296871",942,"CSF2","IL2"
"9606.ENSP00000226730","9606.ENSP00000499900",914,"JAK1","IL2"
"9606.ENSP00000226730","9606.ENSP00000385675",982,"IL6","IL2"
"9606.ENSP00000227507","9606.ENSP00000262367",963,"CREBBP","CCND1"
"9606.ENSP00000227507","9606.ENSP00000261254",935,"CCND2","CCND1"
"9606.ENSP00000227507","9606.ENSP00000413720",965,"CDKN1C","CCND1"
"9606.ENSP00000227507","9606.ENSP00000266970",998,"CDK2","CCND1"
"9606.ENSP00000227507","9606.ENSP00000437125",913,"HSPA8","CCND1"
"9606.ENSP00000227507","9606.ENSP00000384849",999,"CDKN1A","CCND1"
"9606.ENSP00000229795","9606.ENSP00000215832",804,"MAPK1","MAPK14"
"9606.ENSP00000233668","9606.ENSP00000274376",974,"RASA1","DOK1"
"9606.ENSP00000234347","9606.ENSP00000479536",982,"CD177","PRTN3"
"9606.ENSP00000234347","9606.ENSP00000466090",985,"ELANE","PRTN3"
"9606.ENSP00000234347","9606.ENSP00000225275",987,"MPO","PRTN3"
"9606.ENSP00000241261","9606.ENSP00000276431",999,"TNFRSF10B","TNFSF10"
"9606.ENSP00000241261","9606.ENSP00000221132",999,"TNFRSF10A","TNFSF10"
"9606.ENSP00000241453","9606.ENSP00000481249",810,"SOCS2","FLT3"
"9606.ENSP00000241453","9606.ENSP00000376345",912,"GRB2","FLT3"
"9606.ENSP00000246657","9606.ENSP00000477908",857,"CCL3","CCR7"
"9606.ENSP00000252723","9606.ENSP00000371067",916,"JAK2","EPO"
"9606.ENSP00000252723","9606.ENSP00000494504",900,"THPO","EPO"
"9606.ENSP00000252723","9606.ENSP00000225474",929,"CSF3","EPO"
"9606.ENSP00000252723","9606.ENSP00000222139",999,"EPOR","EPO"
"9606.ENSP00000254066","9606.ENSP00000268058",954,"PML","RARA"
"9606.ENSP00000256078","9606.ENSP00000407586",991,"HRAS","KRAS"
"9606.ENSP00000256078","9606.ENSP00000358548",936,"NRAS","KRAS"
"9606.ENSP00000256078","9606.ENSP00000365230",931,"BCL2L1","KRAS"
"9606.ENSP00000256078","9606.ENSP00000351015",840,"NF1","KRAS"
"9606.ENSP00000256078","9606.ENSP00000215832",837,"MAPK1","KRAS"
"9606.ENSP00000256078","9606.ENSP00000419060",833,"BRAF","KRAS"
"9606.ENSP00000256078","9606.ENSP00000401888",981,"RAF1","KRAS"
"9606.ENSP00000257264","9606.ENSP00000264033",871,"CBL","TCN1"
"9606.ENSP00000257290","9606.ENSP00000264657",911,"STAT3","PDGFRA"
"9606.ENSP00000257290","9606.ENSP00000275493",960,"EGFR","PDGFRA"
"9606.ENSP00000257290","9606.ENSP00000261799",969,"PDGFRB","PDGFRA"
"9606.ENSP00000257290","9606.ENSP00000489597",911,"PTPN11","PDGFRA"
"9606.ENSP00000257290","9606.ENSP00000264033",861,"CBL","PDGFRA"
"9606.ENSP00000257290","9606.ENSP00000354394",873,"STAT1","PDGFRA"
"9606.ENSP00000257290","9606.ENSP00000300574",916,"CRK","PDGFRA"
"9606.ENSP00000257290","9606.ENSP00000376345",807,"GRB2","PDGFRA"
"9606.ENSP00000261254","9606.ENSP00000413720",965,"CDKN1C","CCND2"
"9606.ENSP00000261254","9606.ENSP00000227507",935,"CCND1","CCND2"
"9606.ENSP00000261254","9606.ENSP00000266970",924,"CDK2","CCND2"
"9606.ENSP00000261254","9606.ENSP00000384849",840,"CDKN1A","CCND2"
"9606.ENSP00000261799","9606.ENSP00000362680",986,"SRC","PDGFRB"
"9606.ENSP00000261799","9606.ENSP00000376345",985,"GRB2","PDGFRB"
"9606.ENSP00000261799","9606.ENSP00000257290",969,"PDGFRA","PDGFRB"
"9606.ENSP00000261799","9606.ENSP00000275493",997,"EGFR","PDGFRB"
"9606.ENSP00000261799","9606.ENSP00000274376",934,"RASA1","PDGFRB"
"9606.ENSP00000261799","9606.ENSP00000489597",972,"PTPN11","PDGFRB"
"9606.ENSP00000262262","9606.ENSP00000433642",832,"FCGR3B","CD33"
"9606.ENSP00000262367","9606.ENSP00000341208",907,"STAT5A","CREBBP"
"9606.ENSP00000262367","9606.ENSP00000354394",996,"STAT1","CREBBP"
"9606.ENSP00000262367","9606.ENSP00000387699",999,"CREB1","CREBBP"
"9606.ENSP00000262367","9606.ENSP00000362680",888,"SRC","CREBBP"
"9606.ENSP00000262367","9606.ENSP00000339527",985,"FOXO3","CREBBP"
"9606.ENSP00000262367","9606.ENSP00000227507",963,"CCND1","CREBBP"
"9606.ENSP00000262367","9606.ENSP00000269305",999,"TP53","CREBBP"
"9606.ENSP00000262367","9606.ENSP00000436786",967,"KMT2A","CREBBP"
"9606.ENSP00000262367","9606.ENSP00000265165",927,"LEF1","CREBBP"
"9606.ENSP00000262367","9606.ENSP00000495360",994,"CTNNB1","CREBBP"
"9606.ENSP00000262367","9606.ENSP00000300305",953,"RUNX1","CREBBP"
"9606.ENSP00000263464","9606.ENSP00000311032",892,"CASP3","BIRC3"
"9606.ENSP00000264033","9606.ENSP00000380638",827,"PTK2B","CBL"
"9606.ENSP00000264033","9606.ENSP00000257290",861,"PDGFRA","CBL"
"9606.ENSP00000264033","9606.ENSP00000346839",900,"FN1","CBL"
"9606.ENSP00000264033","9606.ENSP00000275493",999,"EGFR","CBL"
"9606.ENSP00000264033","9606.ENSP00000401303",963,"SHC1","CBL"
"9606.ENSP00000264033","9606.ENSP00000362680",992,"SRC","CBL"
"9606.ENSP00000264033","9606.ENSP00000346300",997,"CRKL","CBL"
"9606.ENSP00000264033","9606.ENSP00000257264",871,"TCN1","CBL"
"9606.ENSP00000264033","9606.ENSP00000376345",999,"GRB2","CBL"
"9606.ENSP00000264033","9606.ENSP00000288135",860,"KIT","CBL"
"9606.ENSP00000264033","9606.ENSP00000428924",894,"LYN","CBL"
"9606.ENSP00000264033","9606.ENSP00000477713",854,"LCK","CBL"
"9606.ENSP00000264033","9606.ENSP00000300574",997,"CRK","CBL"
"9606.ENSP00000264033","9606.ENSP00000495360",806,"CTNNB1","CBL"
"9606.ENSP00000264033","9606.ENSP00000269571",801,"ERBB2","CBL"
"9606.ENSP00000264657","9606.ENSP00000275493",968,"EGFR","STAT3"
"9606.ENSP00000264657","9606.ENSP00000489597",915,"PTPN11","STAT3"
"9606.ENSP00000264657","9606.ENSP00000352516",885,"DNMT1","STAT3"
"9606.ENSP00000264657","9606.ENSP00000354394",999,"STAT1","STAT3"
"9606.ENSP00000264657","9606.ENSP00000499900",994,"JAK1","STAT3"
"9606.ENSP00000264657","9606.ENSP00000477713",906,"LCK","STAT3"
"9606.ENSP00000264657","9606.ENSP00000293328",997,"STAT5B","STAT3"
"9606.ENSP00000264657","9606.ENSP00000305422",943,"CEBPB","STAT3"
"9606.ENSP00000264657","9606.ENSP00000428924",841,"LYN","STAT3"
"9606.ENSP00000264657","9606.ENSP00000370343",840,"IRF4","STAT3"
"9606.ENSP00000264657","9606.ENSP00000341208",996,"STAT5A","STAT3"
"9606.ENSP00000264657","9606.ENSP00000335153",856,"HSP90AA1","STAT3"
"9606.ENSP00000264657","9606.ENSP00000371067",992,"JAK2","STAT3"
"9606.ENSP00000264657","9606.ENSP00000269305",819,"TP53","STAT3"
"9606.ENSP00000264657","9606.ENSP00000346839",968,"FN1","STAT3"
"9606.ENSP00000264657","9606.ENSP00000215832",984,"MAPK1","STAT3"
"9606.ENSP00000264657","9606.ENSP00000257290",911,"PDGFRA","STAT3"
"9606.ENSP00000264657","9606.ENSP00000365012",843,"HCK","STAT3"
"9606.ENSP00000264657","9606.ENSP00000362680",994,"SRC","STAT3"
"9606.ENSP00000264674","9606.ENSP00000300305",900,"RUNX1","MECOM"
"9606.ENSP00000264709","9606.ENSP00000478887",977,"MYC","DNMT3A"
"9606.ENSP00000264709","9606.ENSP00000352516",989,"DNMT1","DNMT3A"
"9606.ENSP00000265165","9606.ENSP00000262367",927,"CREBBP","LEF1"
"9606.ENSP00000265165","9606.ENSP00000495360",999,"CTNNB1","LEF1"
"9606.ENSP00000265165","9606.ENSP00000300305",844,"RUNX1","LEF1"
"9606.ENSP00000266970","9606.ENSP00000413720",968,"CDKN1C","CDK2"
"9606.ENSP00000266970","9606.ENSP00000427514",981,"CEBPA","CDK2"
"9606.ENSP00000266970","9606.ENSP00000227507",998,"CCND1","CDK2"
"9606.ENSP00000266970","9606.ENSP00000481380",999,"CCNA2","CDK2"
"9606.ENSP00000266970","9606.ENSP00000261254",924,"CCND2","CDK2"
"9606.ENSP00000266970","9606.ENSP00000384849",997,"CDKN1A","CDK2"
"9606.ENSP00000266970","9606.ENSP00000339527",982,"FOXO3","CDK2"
"9606.ENSP00000268058","9606.ENSP00000254066",954,"RARA","PML"
"9606.ENSP00000268058","9606.ENSP00000300305",943,"RUNX1","PML"
"9606.ENSP00000269305","9606.ENSP00000427514",805,"CEBPA","TP53"
"9606.ENSP00000269305","9606.ENSP00000335153",992,"HSP90AA1","TP53"
"9606.ENSP00000269305","9606.ENSP00000478887",958,"MYC","TP53"
"9606.ENSP00000269305","9606.ENSP00000365230",999,"BCL2L1","TP53"
"9606.ENSP00000269305","9606.ENSP00000381185",999,"BCL2","TP53"
"9606.ENSP00000269305","9606.ENSP00000387699",987,"CREB1","TP53"
"9606.ENSP00000269305","9606.ENSP00000352516",984,"DNMT1","TP53"
"9606.ENSP00000269305","9606.ENSP00000296930",944,"NPM1","TP53"
"9606.ENSP00000269305","9606.ENSP00000339527",974,"FOXO3","TP53"
"9606.ENSP00000269305","9606.ENSP00000215832",893,"MAPK1","TP53"
"9606.ENSP00000269305","9606.ENSP00000481380",974,"CCNA2","TP53"
"9606.ENSP00000269305","9606.ENSP00000300093",877,"PLK1","TP53"
"9606.ENSP00000269305","9606.ENSP00000262367",999,"CREBBP","TP53"
"9606.ENSP00000269305","9606.ENSP00000264657",819,"STAT3","TP53"
"9606.ENSP00000269305","9606.ENSP00000302961",973,"HSPA4","TP53"
"9606.ENSP00000269305","9606.ENSP00000437125",920,"HSPA8","TP53"
"9606.ENSP00000269571","9606.ENSP00000376345",997,"GRB2","ERBB2"
"9606.ENSP00000269571","9606.ENSP00000264033",801,"CBL","ERBB2"
"9606.ENSP00000269571","9606.ENSP00000335153",986,"HSP90AA1","ERBB2"
"9606.ENSP00000269571","9606.ENSP00000275493",999,"EGFR","ERBB2"
"9606.ENSP00000269571","9606.ENSP00000495360",890,"CTNNB1","ERBB2"
"9606.ENSP00000269571","9606.ENSP00000401303",997,"SHC1","ERBB2"
"9606.ENSP00000269571","9606.ENSP00000362680",984,"SRC","ERBB2"
"9606.ENSP00000269571","9606.ENSP00000489597",831,"PTPN11","ERBB2"
"9606.ENSP00000269571","9606.ENSP00000302961",844,"HSPA4","ERBB2"
"9606.ENSP00000272369","9606.ENSP00000343619",959,"HOXA9","MEIS1"
"9606.ENSP00000274376","9606.ENSP00000358548",800,"NRAS","RASA1"
"9606.ENSP00000274376","9606.ENSP00000275493",815,"EGFR","RASA1"
"9606.ENSP00000274376","9606.ENSP00000407586",999,"HRAS","RASA1"
"9606.ENSP00000274376","9606.ENSP00000261799",934,"PDGFRB","RASA1"
"9606.ENSP00000274376","9606.ENSP00000233668",974,"DOK1","RASA1"
"9606.ENSP00000275493","9606.ENSP00000257290",960,"PDGFRA","EGFR"
"9606.ENSP00000275493","9606.ENSP00000401303",997,"SHC1","EGFR"
"9606.ENSP00000275493","9606.ENSP00000341189",982,"PTK2","EGFR"
"9606.ENSP00000275493","9606.ENSP00000346839",802,"FN1","EGFR"
"9606.ENSP00000275493","9606.ENSP00000362680",991,"SRC","EGFR"
"9606.ENSP00000275493","9606.ENSP00000379350",903,"ITGB1","EGFR"
"9606.ENSP00000275493","9606.ENSP00000261799",997,"PDGFRB","EGFR"
"9606.ENSP00000275493","9606.ENSP00000269571",999,"ERBB2","EGFR"
"9606.ENSP00000275493","9606.ENSP00000264033",999,"CBL","EGFR"
"9606.ENSP00000275493","9606.ENSP00000354394",839,"STAT1","EGFR"
"9606.ENSP00000275493","9606.ENSP00000371067",828,"JAK2","EGFR"
"9606.ENSP00000275493","9606.ENSP00000489597",993,"PTPN11","EGFR"
"9606.ENSP00000275493","9606.ENSP00000360683",982,"PTPN1","EGFR"
"9606.ENSP00000275493","9606.ENSP00000495360",821,"CTNNB1","EGFR"
"9606.ENSP00000275493","9606.ENSP00000341208",920,"STAT5A","EGFR"
"9606.ENSP00000275493","9606.ENSP00000376345",999,"GRB2","EGFR"
"9606.ENSP00000275493","9606.ENSP00000385675",806,"IL6","EGFR"
"9606.ENSP00000275493","9606.ENSP00000293328",925,"STAT5B","EGFR"
"9606.ENSP00000275493","9606.ENSP00000264657",968,"STAT3","EGFR"
"9606.ENSP00000275493","9606.ENSP00000274376",815,"RASA1","EGFR"
"9606.ENSP00000275493","9606.ENSP00000335153",993,"HSP90AA1","EGFR"
"9606.ENSP00000275493","9606.ENSP00000300574",883,"CRK","EGFR"
"9606.ENSP00000275493","9606.ENSP00000499900",832,"JAK1","EGFR"
"9606.ENSP00000276431","9606.ENSP00000241261",999,"TNFSF10","TNFRSF10B"
"9606.ENSP00000276431","9606.ENSP00000221132",994,"TNFRSF10A","TNFRSF10B"
"9606.ENSP00000276927","9606.ENSP00000499900",940,"JAK1","IFNA1"
"9606.ENSP00000288135","9606.ENSP00000264033",860,"CBL","KIT"
"9606.ENSP00000288135","9606.ENSP00000495951",999,"KITLG","KIT"
"9606.ENSP00000288135","9606.ENSP00000428924",879,"LYN","KIT"
"9606.ENSP00000288135","9606.ENSP00000376345",945,"GRB2","KIT"
"9606.ENSP00000293328","9606.ENSP00000264657",997,"STAT3","STAT5B"
"9606.ENSP00000293328","9606.ENSP00000222139",861,"EPOR","STAT5B"
"9606.ENSP00000293328","9606.ENSP00000275493",925,"EGFR","STAT5B"
"9606.ENSP00000293328","9606.ENSP00000499900",942,"JAK1","STAT5B"
"9606.ENSP00000293328","9606.ENSP00000489597",882,"PTPN11","STAT5B"
"9606.ENSP00000293328","9606.ENSP00000354394",899,"STAT1","STAT5B"
"9606.ENSP00000293328","9606.ENSP00000341208",933,"STAT5A","STAT5B"
"9606.ENSP00000293328","9606.ENSP00000346300",961,"CRKL","STAT5B"
"9606.ENSP00000293328","9606.ENSP00000371067",983,"JAK2","STAT5B"
"9606.ENSP00000294339","9606.ENSP00000365858",995,"GATA1","TAL1"
"9606.ENSP00000294339","9606.ENSP00000345681",996,"GATA2","TAL1"
"9606.ENSP00000294339","9606.ENSP00000300305",986,"RUNX1","TAL1"
"9606.ENSP00000296870","9606.ENSP00000385675",975,"IL6","IL3"
"9606.ENSP00000296870","9606.ENSP00000226730",949,"IL2","IL3"
"9606.ENSP00000296870","9606.ENSP00000495951",942,"KITLG","IL3"
"9606.ENSP00000296870","9606.ENSP00000296871",961,"CSF2","IL3"
"9606.ENSP00000296870","9606.ENSP00000371067",846,"JAK2","IL3"
"9606.ENSP00000296871","9606.ENSP00000225474",955,"CSF3","CSF2"
"9606.ENSP00000296871","9606.ENSP00000226730",942,"IL2","CSF2"
"9606.ENSP00000296871","9606.ENSP00000296870",961,"IL3","CSF2"
"9606.ENSP00000296930","9606.ENSP00000373700",943,"ALK","NPM1"
"9606.ENSP00000296930","9606.ENSP00000269305",944,"TP53","NPM1"
"9606.ENSP00000296930","9606.ENSP00000376345",896,"GRB2","NPM1"
"9606.ENSP00000300093","9606.ENSP00000269305",877,"TP53","PLK1"
"9606.ENSP00000300305","9606.ENSP00000294339",986,"TAL1","RUNX1"
"9606.ENSP00000300305","9606.ENSP00000415151",999,"CBFB","RUNX1"
"9606.ENSP00000300305","9606.ENSP00000362680",900,"SRC","RUNX1"
"9606.ENSP00000300305","9606.ENSP00000305422",940,"CEBPB","RUNX1"
"9606.ENSP00000300305","9606.ENSP00000265165",844,"LEF1","RUNX1"
"9606.ENSP00000300305","9606.ENSP00000262367",953,"CREBBP","RUNX1"
"9606.ENSP00000300305","9606.ENSP00000345681",979,"GATA2","RUNX1"
"9606.ENSP00000300305","9606.ENSP00000264674",900,"MECOM","RUNX1"
"9606.ENSP00000300305","9606.ENSP00000268058",943,"PML","RUNX1"
"9606.ENSP00000300305","9606.ENSP00000339527",859,"FOXO3","RUNX1"
"9606.ENSP00000300305","9606.ENSP00000365858",920,"GATA1","RUNX1"
"9606.ENSP00000300305","9606.ENSP00000489597",900,"PTPN11","RUNX1"
"9606.ENSP00000300574","9606.ENSP00000380638",929,"PTK2B","CRK"
"9606.ENSP00000300574","9606.ENSP00000401303",888,"SHC1","CRK"
"9606.ENSP00000300574","9606.ENSP00000378974",957,"MAPK8","CRK"
"9606.ENSP00000300574","9606.ENSP00000257290",916,"PDGFRA","CRK"
"9606.ENSP00000300574","9606.ENSP00000341189",977,"PTK2","CRK"
"9606.ENSP00000300574","9606.ENSP00000361423",996,"ABL1","CRK"
"9606.ENSP00000300574","9606.ENSP00000346300",977,"CRKL","CRK"
"9606.ENSP00000300574","9606.ENSP00000394560",900,"MAPK9","CRK"
"9606.ENSP00000300574","9606.ENSP00000275493",883,"EGFR","CRK"
"9606.ENSP00000300574","9606.ENSP00000362680",991,"SRC","CRK"
"9606.ENSP00000300574","9606.ENSP00000264033",997,"CBL","CRK"
"9606.ENSP00000300574","9606.ENSP00000376345",927,"GRB2","CRK"
"9606.ENSP00000301178","9606.ENSP00000376345",859,"GRB2","AXL"
"9606.ENSP00000301178","9606.ENSP00000362680",891,"SRC","AXL"
"9606.ENSP00000302961","9606.ENSP00000335153",991,"HSP90AA1","HSPA4"
"9606.ENSP00000302961","9606.ENSP00000269571",844,"ERBB2","HSPA4"
"9606.ENSP00000302961","9606.ENSP00000451828",878,"AKT1","HSPA4"
"9606.ENSP00000302961","9606.ENSP00000320866",824,"CALR","HSPA4"
"9606.ENSP00000302961","9606.ENSP00000437125",996,"HSPA8","HSPA4"
"9606.ENSP00000302961","9606.ENSP00000269305",973,"TP53","HSPA4"
"9606.ENSP00000302961","9606.ENSP00000448165",990,"APAF1","HSPA4"
"9606.ENSP00000303507","9606.ENSP00000361423",944,"ABL1","BCR"
"9606.ENSP00000305422","9606.ENSP00000427514",979,"CEBPA","CEBPB"
"9606.ENSP00000305422","9606.ENSP00000264657",943,"STAT3","CEBPB"
"9606.ENSP00000305422","9606.ENSP00000300305",940,"RUNX1","CEBPB"
"9606.ENSP00000310036","9606.ENSP00000346839",875,"FN1","CD34"
"9606.ENSP00000311032","9606.ENSP00000263464",892,"BIRC3","CASP3"
"9606.ENSP00000311032","9606.ENSP00000448165",947,"APAF1","CASP3"
"9606.ENSP00000311032","9606.ENSP00000330237",991,"CASP9","CASP3"
"9606.ENSP00000313419","9606.ENSP00000376345",852,"GRB2","CD19"
"9606.ENSP00000313419","9606.ENSP00000428924",962,"LYN","CD19"
"9606.ENSP00000313419","9606.ENSP00000433642",972,"FCGR3B","CD19"
"9606.ENSP00000320866","9606.ENSP00000302961",824,"HSPA4","CALR"
"9606.ENSP00000320866","9606.ENSP00000335153",868,"HSP90AA1","CALR"
"9606.ENSP00000320866","9606.ENSP00000379873",993,"HLA-A","CALR"
"9606.ENSP00000330237","9606.ENSP00000448165",999,"APAF1","CASP9"
"9606.ENSP00000330237","9606.ENSP00000311032",991,"CASP3","CASP9"
"9606.ENSP00000330341","9606.ENSP00000371067",996,"JAK2","SOCS3"
"9606.ENSP00000330341","9606.ENSP00000496577",940,"SOCS1","SOCS3"
"9606.ENSP00000330341","9606.ENSP00000499900",998,"JAK1","SOCS3"
"9606.ENSP00000330341","9606.ENSP00000481249",943,"SOCS2","SOCS3"
"9606.ENSP00000330341","9606.ENSP00000222139",838,"EPOR","SOCS3"
"9606.ENSP00000331614","9606.ENSP00000365858",825,"GATA1","IKZF1"
"9606.ENSP00000335153","9606.ENSP00000275493",993,"EGFR","HSP90AA1"
"9606.ENSP00000335153","9606.ENSP00000478887",911,"MYC","HSP90AA1"
"9606.ENSP00000335153","9606.ENSP00000437125",997,"HSPA8","HSP90AA1"
"9606.ENSP00000335153","9606.ENSP00000354558",841,"MTOR","HSP90AA1"
"9606.ENSP00000335153","9606.ENSP00000451828",997,"AKT1","HSP90AA1"
"9606.ENSP00000335153","9606.ENSP00000419060",938,"BRAF","HSP90AA1"
"9606.ENSP00000335153","9606.ENSP00000302961",991,"HSPA4","HSP90AA1"
"9606.ENSP00000335153","9606.ENSP00000269305",992,"TP53","HSP90AA1"
"9606.ENSP00000335153","9606.ENSP00000384849",828,"CDKN1A","HSP90AA1"
"9606.ENSP00000335153","9606.ENSP00000362680",997,"SRC","HSP90AA1"
"9606.ENSP00000335153","9606.ENSP00000361423",891,"ABL1","HSP90AA1"
"9606.ENSP00000335153","9606.ENSP00000320866",868,"CALR","HSP90AA1"
"9606.ENSP00000335153","9606.ENSP00000269571",986,"ERBB2","HSP90AA1"
"9606.ENSP00000335153","9606.ENSP00000264657",856,"STAT3","HSP90AA1"
"9606.ENSP00000335153","9606.ENSP00000494750",821,"ACTB","HSP90AA1"
"9606.ENSP00000335153","9606.ENSP00000448165",986,"APAF1","HSP90AA1"
"9606.ENSP00000339527","9606.ENSP00000384849",986,"CDKN1A","FOXO3"
"9606.ENSP00000339527","9606.ENSP00000266970",982,"CDK2","FOXO3"
"9606.ENSP00000339527","9606.ENSP00000495360",991,"CTNNB1","FOXO3"
"9606.ENSP00000339527","9606.ENSP00000269305",974,"TP53","FOXO3"
"9606.ENSP00000339527","9606.ENSP00000300305",859,"RUNX1","FOXO3"
"9606.ENSP00000339527","9606.ENSP00000341189",982,"PTK2","FOXO3"
"9606.ENSP00000339527","9606.ENSP00000262367",985,"CREBBP","FOXO3"
"9606.ENSP00000340691","9606.ENSP00000354558",893,"MTOR","EIF4EBP1"
"9606.ENSP00000341189","9606.ENSP00000361021",811,"PTEN","PTK2"
"9606.ENSP00000341189","9606.ENSP00000379350",936,"ITGB1","PTK2"
"9606.ENSP00000341189","9606.ENSP00000489597",801,"PTPN11","PTK2"
"9606.ENSP00000341189","9606.ENSP00000362680",999,"SRC","PTK2"
"9606.ENSP00000341189","9606.ENSP00000376345",999,"GRB2","PTK2"
"9606.ENSP00000341189","9606.ENSP00000452786",933,"ITGB3","PTK2"
"9606.ENSP00000341189","9606.ENSP00000339527",982,"FOXO3","PTK2"
"9606.ENSP00000341189","9606.ENSP00000275493",982,"EGFR","PTK2"
"9606.ENSP00000341189","9606.ENSP00000380638",982,"PTK2B","PTK2"
"9606.ENSP00000341189","9606.ENSP00000401303",907,"SHC1","PTK2"
"9606.ENSP00000341189","9606.ENSP00000300574",977,"CRK","PTK2"
"9606.ENSP00000341189","9606.ENSP00000346300",908,"CRKL","PTK2"
"9606.ENSP00000341208","9606.ENSP00000371067",988,"JAK2","STAT5A"
"9606.ENSP00000341208","9606.ENSP00000346300",968,"CRKL","STAT5A"
"9606.ENSP00000341208","9606.ENSP00000489597",921,"PTPN11","STAT5A"
"9606.ENSP00000341208","9606.ENSP00000354394",923,"STAT1","STAT5A"
"9606.ENSP00000341208","9606.ENSP00000264657",996,"STAT3","STAT5A"
"9606.ENSP00000341208","9606.ENSP00000499900",949,"JAK1","STAT5A"
"9606.ENSP00000341208","9606.ENSP00000262367",907,"CREBBP","STAT5A"
"9606.ENSP00000341208","9606.ENSP00000293328",933,"STAT5B","STAT5A"
"9606.ENSP00000341208","9606.ENSP00000222139",925,"EPOR","STAT5A"
"9606.ENSP00000341208","9606.ENSP00000275493",920,"EGFR","STAT5A"
"9606.ENSP00000343619","9606.ENSP00000272369",959,"MEIS1","HOXA9"
"9606.ENSP00000343952","9606.ENSP00000477908",939,"CCL3","CCR6"
"9606.ENSP00000345681","9606.ENSP00000300305",979,"RUNX1","GATA2"
"9606.ENSP00000345681","9606.ENSP00000294339",996,"TAL1","GATA2"
"9606.ENSP00000345681","9606.ENSP00000365858",965,"GATA1","GATA2"
"9606.ENSP00000346300","9606.ENSP00000489597",856,"PTPN11","CRKL"
"9606.ENSP00000346300","9606.ENSP00000401303",844,"SHC1","CRKL"
"9606.ENSP00000346300","9606.ENSP00000394560",900,"MAPK9","CRKL"
"9606.ENSP00000346300","9606.ENSP00000293328",961,"STAT5B","CRKL"
"9606.ENSP00000346300","9606.ENSP00000380638",900,"PTK2B","CRKL"
"9606.ENSP00000346300","9606.ENSP00000264033",997,"CBL","CRKL"
"9606.ENSP00000346300","9606.ENSP00000376345",882,"GRB2","CRKL"
"9606.ENSP00000346300","9606.ENSP00000361423",864,"ABL1","CRKL"
"9606.ENSP00000346300","9606.ENSP00000300574",977,"CRK","CRKL"
"9606.ENSP00000346300","9606.ENSP00000341189",908,"PTK2","CRKL"
"9606.ENSP00000346300","9606.ENSP00000341208",968,"STAT5A","CRKL"
"9606.ENSP00000346300","9606.ENSP00000378974",926,"MAPK8","CRKL"
"9606.ENSP00000346839","9606.ENSP00000264033",900,"CBL","FN1"
"9606.ENSP00000346839","9606.ENSP00000379350",999,"ITGB1","FN1"
"9606.ENSP00000346839","9606.ENSP00000264657",968,"STAT3","FN1"
"9606.ENSP00000346839","9606.ENSP00000452786",999,"ITGB3","FN1"
"9606.ENSP00000346839","9606.ENSP00000361423",908,"ABL1","FN1"
"9606.ENSP00000346839","9606.ENSP00000310036",875,"CD34","FN1"
"9606.ENSP00000346839","9606.ENSP00000275493",802,"EGFR","FN1"
"9606.ENSP00000351015","9606.ENSP00000256078",840,"KRAS","NF1"
"9606.ENSP00000351015","9606.ENSP00000407586",809,"HRAS","NF1"
"9606.ENSP00000352516","9606.ENSP00000264657",885,"STAT3","DNMT1"
"9606.ENSP00000352516","9606.ENSP00000264709",989,"DNMT3A","DNMT1"
"9606.ENSP00000352516","9606.ENSP00000269305",984,"TP53","DNMT1"
"9606.ENSP00000354207","9606.ENSP00000361423",900,"ABL1","NTRK3"
"9606.ENSP00000354207","9606.ENSP00000376345",908,"GRB2","NTRK3"
"9606.ENSP00000354207","9606.ENSP00000401303",803,"SHC1","NTRK3"
"9606.ENSP00000354394","9606.ENSP00000341208",923,"STAT5A","STAT1"
"9606.ENSP00000354394","9606.ENSP00000293328",899,"STAT5B","STAT1"
"9606.ENSP00000354394","9606.ENSP00000371067",990,"JAK2","STAT1"
"9606.ENSP00000354394","9606.ENSP00000257290",873,"PDGFRA","STAT1"
"9606.ENSP00000354394","9606.ENSP00000264657",999,"STAT3","STAT1"
"9606.ENSP00000354394","9606.ENSP00000262367",996,"CREBBP","STAT1"
"9606.ENSP00000354394","9606.ENSP00000275493",839,"EGFR","STAT1"
"9606.ENSP00000354394","9606.ENSP00000499900",992,"JAK1","STAT1"
"9606.ENSP00000354394","9606.ENSP00000489597",902,"PTPN11","STAT1"
"9606.ENSP00000354558","9606.ENSP00000340691",893,"EIF4EBP1","MTOR"
"9606.ENSP00000354558","9606.ENSP00000335153",841,"HSP90AA1","MTOR"
"9606.ENSP00000354952","9606.ENSP00000401303",988,"SHC1","GAB2"
"9606.ENSP00000354952","9606.ENSP00000489597",997,"PTPN11","GAB2"
"9606.ENSP00000354952","9606.ENSP00000376345",999,"GRB2","GAB2"
"9606.ENSP00000354952","9606.ENSP00000216341",933,"GZMB","GAB2"
"9606.ENSP00000354952","9606.ENSP00000362680",806,"SRC","GAB2"
"9606.ENSP00000358022","9606.ENSP00000376943",999,"BCL2L11","MCL1"
"9606.ENSP00000358022","9606.ENSP00000365230",982,"BCL2L1","MCL1"
"9606.ENSP00000358548","9606.ENSP00000419260",828,"PIK3CG","NRAS"
"9606.ENSP00000358548","9606.ENSP00000256078",936,"KRAS","NRAS"
"9606.ENSP00000358548","9606.ENSP00000274376",800,"RASA1","NRAS"
"9606.ENSP00000358548","9606.ENSP00000401888",904,"RAF1","NRAS"
"9606.ENSP00000358548","9606.ENSP00000407586",930,"HRAS","NRAS"
"9606.ENSP00000360683","9606.ENSP00000371067",886,"JAK2","PTPN1"
"9606.ENSP00000360683","9606.ENSP00000275493",982,"EGFR","PTPN1"
"9606.ENSP00000360683","9606.ENSP00000489597",900,"PTPN11","PTPN1"
"9606.ENSP00000361021","9606.ENSP00000341189",811,"PTK2","PTEN"
"9606.ENSP00000361423","9606.ENSP00000431418",943,"NTRK1","ABL1"
"9606.ENSP00000361423","9606.ENSP00000335153",891,"HSP90AA1","ABL1"
"9606.ENSP00000361423","9606.ENSP00000303507",944,"BCR","ABL1"
"9606.ENSP00000361423","9606.ENSP00000354207",900,"NTRK3","ABL1"
"9606.ENSP00000361423","9606.ENSP00000401303",839,"SHC1","ABL1"
"9606.ENSP00000361423","9606.ENSP00000376345",981,"GRB2","ABL1"
"9606.ENSP00000361423","9606.ENSP00000346839",908,"FN1","ABL1"
"9606.ENSP00000361423","9606.ENSP00000427562",976,"ABL2","ABL1"
"9606.ENSP00000361423","9606.ENSP00000346300",864,"CRKL","ABL1"
"9606.ENSP00000361423","9606.ENSP00000300574",996,"CRK","ABL1"
"9606.ENSP00000361423","9606.ENSP00000495360",845,"CTNNB1","ABL1"
"9606.ENSP00000361548","9606.ENSP00000494504",998,"THPO","MPL"
"9606.ENSP00000361548","9606.ENSP00000371067",916,"JAK2","MPL"
"9606.ENSP00000362195","9606.ENSP00000499900",898,"JAK1","CSF3R"
"9606.ENSP00000362195","9606.ENSP00000225474",999,"CSF3","CSF3R"
"9606.ENSP00000362195","9606.ENSP00000428924",852,"LYN","CSF3R"
"9606.ENSP00000362195","9606.ENSP00000371067",942,"JAK2","CSF3R"
"9606.ENSP00000362680","9606.ENSP00000452786",955,"ITGB3","SRC"
"9606.ENSP00000362680","9606.ENSP00000335153",997,"HSP90AA1","SRC"
"9606.ENSP00000362680","9606.ENSP00000262367",888,"CREBBP","SRC"
"9606.ENSP00000362680","9606.ENSP00000264657",994,"STAT3","SRC"
"9606.ENSP00000362680","9606.ENSP00000489597",996,"PTPN11","SRC"
"9606.ENSP00000362680","9606.ENSP00000371067",877,"JAK2","SRC"
"9606.ENSP00000362680","9606.ENSP00000401888",926,"RAF1","SRC"
"9606.ENSP00000362680","9606.ENSP00000301178",891,"AXL","SRC"
"9606.ENSP00000362680","9606.ENSP00000354952",806,"GAB2","SRC"
"9606.ENSP00000362680","9606.ENSP00000264033",992,"CBL","SRC"
"9606.ENSP00000362680","9606.ENSP00000477713",867,"LCK","SRC"
"9606.ENSP00000362680","9606.ENSP00000300305",900,"RUNX1","SRC"
"9606.ENSP00000362680","9606.ENSP00000215832",891,"MAPK1","SRC"
"9606.ENSP00000362680","9606.ENSP00000269571",984,"ERBB2","SRC"
"9606.ENSP00000362680","9606.ENSP00000428924",983,"LYN","SRC"
"9606.ENSP00000362680","9606.ENSP00000365012",806,"HCK","SRC"
"9606.ENSP00000362680","9606.ENSP00000300574",991,"CRK","SRC"
"9606.ENSP00000362680","9606.ENSP00000275493",991,"EGFR","SRC"
"9606.ENSP00000362680","9606.ENSP00000451828",981,"AKT1","SRC"
"9606.ENSP00000362680","9606.ENSP00000401303",997,"SHC1","SRC"
"9606.ENSP00000362680","9606.ENSP00000341189",999,"PTK2","SRC"
"9606.ENSP00000362680","9606.ENSP00000407586",900,"HRAS","SRC"
"9606.ENSP00000362680","9606.ENSP00000376345",993,"GRB2","SRC"
"9606.ENSP00000362680","9606.ENSP00000380638",990,"PTK2B","SRC"
"9606.ENSP00000362680","9606.ENSP00000495360",953,"CTNNB1","SRC"
"9606.ENSP00000362680","9606.ENSP00000261799",986,"PDGFRB","SRC"
"9606.ENSP00000364839","9606.ENSP00000365851",926,"BMI1","ASXL1"
"9606.ENSP00000365012","9606.ENSP00000264657",843,"STAT3","HCK"
"9606.ENSP00000365012","9606.ENSP00000428924",978,"LYN","HCK"
"9606.ENSP00000365012","9606.ENSP00000371067",800,"JAK2","HCK"
"9606.ENSP00000365012","9606.ENSP00000362680",806,"SRC","HCK"
"9606.ENSP00000365012","9606.ENSP00000477713",862,"LCK","HCK"
"9606.ENSP00000365230","9606.ENSP00000448165",974,"APAF1","BCL2L1"
"9606.ENSP00000365230","9606.ENSP00000358022",982,"MCL1","BCL2L1"
"9606.ENSP00000365230","9606.ENSP00000381185",999,"BCL2","BCL2L1"
"9606.ENSP00000365230","9606.ENSP00000269305",999,"TP53","BCL2L1"
"9606.ENSP00000365230","9606.ENSP00000376943",999,"BCL2L11","BCL2L1"
"9606.ENSP00000365230","9606.ENSP00000256078",931,"KRAS","BCL2L1"
"9606.ENSP00000365851","9606.ENSP00000364839",926,"ASXL1","BMI1"
"9606.ENSP00000365858","9606.ENSP00000331614",825,"IKZF1","GATA1"
"9606.ENSP00000365858","9606.ENSP00000294339",995,"TAL1","GATA1"
"9606.ENSP00000365858","9606.ENSP00000345681",965,"GATA2","GATA1"
"9606.ENSP00000365858","9606.ENSP00000300305",920,"RUNX1","GATA1"
"9606.ENSP00000370343","9606.ENSP00000264657",840,"STAT3","IRF4"
"9606.ENSP00000371067","9606.ENSP00000489597",946,"PTPN11","JAK2"
"9606.ENSP00000371067","9606.ENSP00000499900",998,"JAK1","JAK2"
"9606.ENSP00000371067","9606.ENSP00000360683",886,"PTPN1","JAK2"
"9606.ENSP00000371067","9606.ENSP00000293328",983,"STAT5B","JAK2"
"9606.ENSP00000371067","9606.ENSP00000354394",990,"STAT1","JAK2"
"9606.ENSP00000371067","9606.ENSP00000330341",996,"SOCS3","JAK2"
"9606.ENSP00000371067","9606.ENSP00000341208",988,"STAT5A","JAK2"
"9606.ENSP00000371067","9606.ENSP00000252723",916,"EPO","JAK2"
"9606.ENSP00000371067","9606.ENSP00000264657",992,"STAT3","JAK2"
"9606.ENSP00000371067","9606.ENSP00000391592",835,"PTPN6","JAK2"
"9606.ENSP00000371067","9606.ENSP00000365012",800,"HCK","JAK2"
"9606.ENSP00000371067","9606.ENSP00000428924",907,"LYN","JAK2"
"9606.ENSP00000371067","9606.ENSP00000296870",846,"IL3","JAK2"
"9606.ENSP00000371067","9606.ENSP00000401303",902,"SHC1","JAK2"
"9606.ENSP00000371067","9606.ENSP00000275493",828,"EGFR","JAK2"
"9606.ENSP00000371067","9606.ENSP00000362680",877,"SRC","JAK2"
"9606.ENSP00000371067","9606.ENSP00000361548",916,"MPL","JAK2"
"9606.ENSP00000371067","9606.ENSP00000362195",942,"CSF3R","JAK2"
"9606.ENSP00000371067","9606.ENSP00000496577",998,"SOCS1","JAK2"
"9606.ENSP00000371067","9606.ENSP00000376345",953,"GRB2","JAK2"
"9606.ENSP00000371067","9606.ENSP00000385675",834,"IL6","JAK2"
"9606.ENSP00000371067","9606.ENSP00000222139",999,"EPOR","JAK2"
"9606.ENSP00000371067","9606.ENSP00000225474",944,"CSF3","JAK2"
"9606.ENSP00000373700","9606.ENSP00000376345",899,"GRB2","ALK"
"9606.ENSP00000373700","9606.ENSP00000296930",943,"NPM1","ALK"
"9606.ENSP00000373700","9606.ENSP00000401303",922,"SHC1","ALK"
"9606.ENSP00000375608","9606.ENSP00000379873",998,"HLA-A","KIR3DL1"
"9606.ENSP00000376345","9606.ENSP00000354207",908,"NTRK3","GRB2"
"9606.ENSP00000376345","9606.ENSP00000264033",999,"CBL","GRB2"
"9606.ENSP00000376345","9606.ENSP00000346300",882,"CRKL","GRB2"
"9606.ENSP00000376345","9606.ENSP00000354952",999,"GAB2","GRB2"
"9606.ENSP00000376345","9606.ENSP00000380638",848,"PTK2B","GRB2"
"9606.ENSP00000376345","9606.ENSP00000261799",985,"PDGFRB","GRB2"
"9606.ENSP00000376345","9606.ENSP00000300574",927,"CRK","GRB2"
"9606.ENSP00000376345","9606.ENSP00000313419",852,"CD19","GRB2"
"9606.ENSP00000376345","9606.ENSP00000431418",981,"NTRK1","GRB2"
"9606.ENSP00000376345","9606.ENSP00000489597",999,"PTPN11","GRB2"
"9606.ENSP00000376345","9606.ENSP00000478763",844,"SIRPA","GRB2"
"9606.ENSP00000376345","9606.ENSP00000477713",964,"LCK","GRB2"
"9606.ENSP00000376345","9606.ENSP00000241453",912,"FLT3","GRB2"
"9606.ENSP00000376345","9606.ENSP00000371067",953,"JAK2","GRB2"
"9606.ENSP00000376345","9606.ENSP00000301178",859,"AXL","GRB2"
"9606.ENSP00000376345","9606.ENSP00000288135",945,"KIT","GRB2"
"9606.ENSP00000376345","9606.ENSP00000341189",999,"PTK2","GRB2"
"9606.ENSP00000376345","9606.ENSP00000269571",997,"ERBB2","GRB2"
"9606.ENSP00000376345","9606.ENSP00000361423",981,"ABL1","GRB2"
"9606.ENSP00000376345","9606.ENSP00000373700",899,"ALK","GRB2"
"9606.ENSP00000376345","9606.ENSP00000222139",953,"EPOR","GRB2"
"9606.ENSP00000376345","9606.ENSP00000275493",999,"EGFR","GRB2"
"9606.ENSP00000376345","9606.ENSP00000401303",999,"SHC1","GRB2"
"9606.ENSP00000376345","9606.ENSP00000296930",896,"NPM1","GRB2"
"9606.ENSP00000376345","9606.ENSP00000257290",807,"PDGFRA","GRB2"
"9606.ENSP00000376345","9606.ENSP00000405338",957,"INPP5D","GRB2"
"9606.ENSP00000376345","9606.ENSP00000362680",993,"SRC","GRB2"
"9606.ENSP00000376345","9606.ENSP00000391592",844,"PTPN6","GRB2"
"9606.ENSP00000376345","9606.ENSP00000499900",806,"JAK1","GRB2"
"9606.ENSP00000376943","9606.ENSP00000358022",999,"MCL1","BCL2L11"
"9606.ENSP00000376943","9606.ENSP00000365230",999,"BCL2L1","BCL2L11"
"9606.ENSP00000376943","9606.ENSP00000381185",997,"BCL2","BCL2L11"
"9606.ENSP00000378974","9606.ENSP00000394560",986,"MAPK9","MAPK8"
"9606.ENSP00000378974","9606.ENSP00000346300",926,"CRKL","MAPK8"
"9606.ENSP00000378974","9606.ENSP00000300574",957,"CRK","MAPK8"
"9606.ENSP00000379350","9606.ENSP00000346839",999,"FN1","ITGB1"
"9606.ENSP00000379350","9606.ENSP00000341189",936,"PTK2","ITGB1"
"9606.ENSP00000379350","9606.ENSP00000275493",903,"EGFR","ITGB1"
"9606.ENSP00000379350","9606.ENSP00000452786",984,"ITGB3","ITGB1"
"9606.ENSP00000379350","9606.ENSP00000494750",957,"ACTB","ITGB1"
"9606.ENSP00000379873","9606.ENSP00000320866",993,"CALR","HLA-A"
"9606.ENSP00000379873","9606.ENSP00000375608",998,"KIR3DL1","HLA-A"
"9606.ENSP00000379873","9606.ENSP00000386559",998,"CD8A","HLA-A"
"9606.ENSP00000380070","9606.ENSP00000437125",906,"HSPA8","GAPDH"
"9606.ENSP00000380638","9606.ENSP00000428924",872,"LYN","PTK2B"
"9606.ENSP00000380638","9606.ENSP00000346300",900,"CRKL","PTK2B"
"9606.ENSP00000380638","9606.ENSP00000264033",827,"CBL","PTK2B"
"9606.ENSP00000380638","9606.ENSP00000376345",848,"GRB2","PTK2B"
"9606.ENSP00000380638","9606.ENSP00000341189",982,"PTK2","PTK2B"
"9606.ENSP00000380638","9606.ENSP00000300574",929,"CRK","PTK2B"
"9606.ENSP00000380638","9606.ENSP00000362680",990,"SRC","PTK2B"
"9606.ENSP00000381185","9606.ENSP00000365230",999,"BCL2L1","BCL2"
"9606.ENSP00000381185","9606.ENSP00000376943",997,"BCL2L11","BCL2"
"9606.ENSP00000381185","9606.ENSP00000407586",873,"HRAS","BCL2"
"9606.ENSP00000381185","9606.ENSP00000269305",999,"TP53","BCL2"
"9606.ENSP00000381185","9606.ENSP00000448165",934,"APAF1","BCL2"
"9606.ENSP00000384849","9606.ENSP00000481380",993,"CCNA2","CDKN1A"
"9606.ENSP00000384849","9606.ENSP00000339527",986,"FOXO3","CDKN1A"
"9606.ENSP00000384849","9606.ENSP00000227507",999,"CCND1","CDKN1A"
"9606.ENSP00000384849","9606.ENSP00000427514",926,"CEBPA","CDKN1A"
"9606.ENSP00000384849","9606.ENSP00000266970",997,"CDK2","CDKN1A"
"9606.ENSP00000384849","9606.ENSP00000335153",828,"HSP90AA1","CDKN1A"
"9606.ENSP00000384849","9606.ENSP00000261254",840,"CCND2","CDKN1A"
"9606.ENSP00000385675","9606.ENSP00000226730",982,"IL2","IL6"
"9606.ENSP00000385675","9606.ENSP00000371067",834,"JAK2","IL6"
"9606.ENSP00000385675","9606.ENSP00000499900",871,"JAK1","IL6"
"9606.ENSP00000385675","9606.ENSP00000296870",975,"IL3","IL6"
"9606.ENSP00000385675","9606.ENSP00000275493",806,"EGFR","IL6"
"9606.ENSP00000386559","9606.ENSP00000011653",900,"CD4","CD8A"
"9606.ENSP00000386559","9606.ENSP00000477713",999,"LCK","CD8A"
"9606.ENSP00000386559","9606.ENSP00000379873",998,"HLA-A","CD8A"
"9606.ENSP00000387699","9606.ENSP00000436786",900,"KMT2A","CREB1"
"9606.ENSP00000387699","9606.ENSP00000269305",987,"TP53","CREB1"
"9606.ENSP00000387699","9606.ENSP00000262367",999,"CREBBP","CREB1"
"9606.ENSP00000391592","9606.ENSP00000489597",947,"PTPN11","PTPN6"
"9606.ENSP00000391592","9606.ENSP00000478763",845,"SIRPA","PTPN6"
"9606.ENSP00000391592","9606.ENSP00000497102",936,"CTLA4","PTPN6"
"9606.ENSP00000391592","9606.ENSP00000499900",806,"JAK1","PTPN6"
"9606.ENSP00000391592","9606.ENSP00000376345",844,"GRB2","PTPN6"
"9606.ENSP00000391592","9606.ENSP00000371067",835,"JAK2","PTPN6"
"9606.ENSP00000394560","9606.ENSP00000300574",900,"CRK","MAPK9"
"9606.ENSP00000394560","9606.ENSP00000378974",986,"MAPK8","MAPK9"
"9606.ENSP00000394560","9606.ENSP00000346300",900,"CRKL","MAPK9"
"9606.ENSP00000401303","9606.ENSP00000215832",870,"MAPK1","SHC1"
"9606.ENSP00000401303","9606.ENSP00000362680",997,"SRC","SHC1"
"9606.ENSP00000401303","9606.ENSP00000346300",844,"CRKL","SHC1"
"9606.ENSP00000401303","9606.ENSP00000216341",947,"GZMB","SHC1"
"9606.ENSP00000401303","9606.ENSP00000300574",888,"CRK","SHC1"
"9606.ENSP00000401303","9606.ENSP00000275493",997,"EGFR","SHC1"
"9606.ENSP00000401303","9606.ENSP00000269571",997,"ERBB2","SHC1"
"9606.ENSP00000401303","9606.ENSP00000361423",839,"ABL1","SHC1"
"9606.ENSP00000401303","9606.ENSP00000489597",995,"PTPN11","SHC1"
"9606.ENSP00000401303","9606.ENSP00000354952",988,"GAB2","SHC1"
"9606.ENSP00000401303","9606.ENSP00000428924",868,"LYN","SHC1"
"9606.ENSP00000401303","9606.ENSP00000341189",907,"PTK2","SHC1"
"9606.ENSP00000401303","9606.ENSP00000452786",961,"ITGB3","SHC1"
"9606.ENSP00000401303","9606.ENSP00000264033",963,"CBL","SHC1"
"9606.ENSP00000401303","9606.ENSP00000354207",803,"NTRK3","SHC1"
"9606.ENSP00000401303","9606.ENSP00000431418",997,"NTRK1","SHC1"
"9606.ENSP00000401303","9606.ENSP00000373700",922,"ALK","SHC1"
"9606.ENSP00000401303","9606.ENSP00000376345",999,"GRB2","SHC1"
"9606.ENSP00000401303","9606.ENSP00000371067",902,"JAK2","SHC1"
"9606.ENSP00000401303","9606.ENSP00000405338",909,"INPP5D","SHC1"
"9606.ENSP00000401303","9606.ENSP00000222139",870,"EPOR","SHC1"
"9606.ENSP00000401888","9606.ENSP00000215832",813,"MAPK1","RAF1"
"9606.ENSP00000401888","9606.ENSP00000256078",981,"KRAS","RAF1"
"9606.ENSP00000401888","9606.ENSP00000358548",904,"NRAS","RAF1"
"9606.ENSP00000401888","9606.ENSP00000407586",998,"HRAS","RAF1"
"9606.ENSP00000401888","9606.ENSP00000362680",926,"SRC","RAF1"
"9606.ENSP00000401888","9606.ENSP00000419060",999,"BRAF","RAF1"
"9606.ENSP00000405338","9606.ENSP00000428924",950,"LYN","INPP5D"
"9606.ENSP00000405338","9606.ENSP00000376345",957,"GRB2","INPP5D"
"9606.ENSP00000405338","9606.ENSP00000401303",909,"SHC1","INPP5D"
"9606.ENSP00000407586","9606.ENSP00000419260",953,"PIK3CG","HRAS"
"9606.ENSP00000407586","9606.ENSP00000362680",900,"SRC","HRAS"
"9606.ENSP00000407586","9606.ENSP00000351015",809,"NF1","HRAS"
"9606.ENSP00000407586","9606.ENSP00000381185",873,"BCL2","HRAS"
"9606.ENSP00000407586","9606.ENSP00000256078",991,"KRAS","HRAS"
"9606.ENSP00000407586","9606.ENSP00000401888",998,"RAF1","HRAS"
"9606.ENSP00000407586","9606.ENSP00000419060",908,"BRAF","HRAS"
"9606.ENSP00000407586","9606.ENSP00000358548",930,"NRAS","HRAS"
"9606.ENSP00000407586","9606.ENSP00000274376",999,"RASA1","HRAS"
"9606.ENSP00000411355","9606.ENSP00000477713",984,"LCK","PTPRC"
"9606.ENSP00000413720","9606.ENSP00000266970",968,"CDK2","CDKN1C"
"9606.ENSP00000413720","9606.ENSP00000227507",965,"CCND1","CDKN1C"
"9606.ENSP00000413720","9606.ENSP00000261254",965,"CCND2","CDKN1C"
"9606.ENSP00000413720","9606.ENSP00000481380",919,"CCNA2","CDKN1C"
"9606.ENSP00000415151","9606.ENSP00000300305",999,"RUNX1","CBFB"
"9606.ENSP00000419060","9606.ENSP00000407586",908,"HRAS","BRAF"
"9606.ENSP00000419060","9606.ENSP00000401888",999,"RAF1","BRAF"
"9606.ENSP00000419060","9606.ENSP00000335153",938,"HSP90AA1","BRAF"
"9606.ENSP00000419060","9606.ENSP00000256078",833,"KRAS","BRAF"
"9606.ENSP00000419260","9606.ENSP00000428924",808,"LYN","PIK3CG"
"9606.ENSP00000419260","9606.ENSP00000407586",953,"HRAS","PIK3CG"
"9606.ENSP00000419260","9606.ENSP00000358548",828,"NRAS","PIK3CG"
"9606.ENSP00000427514","9606.ENSP00000384849",926,"CDKN1A","CEBPA"
"9606.ENSP00000427514","9606.ENSP00000266970",981,"CDK2","CEBPA"
"9606.ENSP00000427514","9606.ENSP00000269305",805,"TP53","CEBPA"
"9606.ENSP00000427514","9606.ENSP00000305422",979,"CEBPB","CEBPA"
"9606.ENSP00000427562","9606.ENSP00000361423",976,"ABL1","ABL2"
"9606.ENSP00000428924","9606.ENSP00000264657",841,"STAT3","LYN"
"9606.ENSP00000428924","9606.ENSP00000401303",868,"SHC1","LYN"
"9606.ENSP00000428924","9606.ENSP00000371067",907,"JAK2","LYN"
"9606.ENSP00000428924","9606.ENSP00000499900",800,"JAK1","LYN"
"9606.ENSP00000428924","9606.ENSP00000313419",962,"CD19","LYN"
"9606.ENSP00000428924","9606.ENSP00000264033",894,"CBL","LYN"
"9606.ENSP00000428924","9606.ENSP00000365012",978,"HCK","LYN"
"9606.ENSP00000428924","9606.ENSP00000380638",872,"PTK2B","LYN"
"9606.ENSP00000428924","9606.ENSP00000222139",852,"EPOR","LYN"
"9606.ENSP00000428924","9606.ENSP00000288135",879,"KIT","LYN"
"9606.ENSP00000428924","9606.ENSP00000405338",950,"INPP5D","LYN"
"9606.ENSP00000428924","9606.ENSP00000362195",852,"CSF3R","LYN"
"9606.ENSP00000428924","9606.ENSP00000477713",882,"LCK","LYN"
"9606.ENSP00000428924","9606.ENSP00000419260",808,"PIK3CG","LYN"
"9606.ENSP00000428924","9606.ENSP00000362680",983,"SRC","LYN"
"9606.ENSP00000431418","9606.ENSP00000361423",943,"ABL1","NTRK1"
"9606.ENSP00000431418","9606.ENSP00000495951",982,"KITLG","NTRK1"
"9606.ENSP00000431418","9606.ENSP00000401303",997,"SHC1","NTRK1"
"9606.ENSP00000431418","9606.ENSP00000376345",981,"GRB2","NTRK1"
"9606.ENSP00000433642","9606.ENSP00000313419",972,"CD19","FCGR3B"
"9606.ENSP00000433642","9606.ENSP00000262262",832,"CD33","FCGR3B"
"9606.ENSP00000436786","9606.ENSP00000387699",900,"CREB1","KMT2A"
"9606.ENSP00000436786","9606.ENSP00000262367",967,"CREBBP","KMT2A"
"9606.ENSP00000437125","9606.ENSP00000380070",906,"GAPDH","HSPA8"
"9606.ENSP00000437125","9606.ENSP00000335153",997,"HSP90AA1","HSPA8"
"9606.ENSP00000437125","9606.ENSP00000494750",839,"ACTB","HSPA8"
"9606.ENSP00000437125","9606.ENSP00000302961",996,"HSPA4","HSPA8"
"9606.ENSP00000437125","9606.ENSP00000269305",920,"TP53","HSPA8"
"9606.ENSP00000437125","9606.ENSP00000227507",913,"CCND1","HSPA8"
"9606.ENSP00000448165","9606.ENSP00000302961",990,"HSPA4","APAF1"
"9606.ENSP00000448165","9606.ENSP00000311032",947,"CASP3","APAF1"
"9606.ENSP00000448165","9606.ENSP00000335153",986,"HSP90AA1","APAF1"
"9606.ENSP00000448165","9606.ENSP00000365230",974,"BCL2L1","APAF1"
"9606.ENSP00000448165","9606.ENSP00000330237",999,"CASP9","APAF1"
"9606.ENSP00000448165","9606.ENSP00000381185",934,"BCL2","APAF1"
"9606.ENSP00000451828","9606.ENSP00000302961",878,"HSPA4","AKT1"
"9606.ENSP00000451828","9606.ENSP00000362680",981,"SRC","AKT1"
"9606.ENSP00000451828","9606.ENSP00000335153",997,"HSP90AA1","AKT1"
"9606.ENSP00000452786","9606.ENSP00000346839",999,"FN1","ITGB3"
"9606.ENSP00000452786","9606.ENSP00000494750",901,"ACTB","ITGB3"
"9606.ENSP00000452786","9606.ENSP00000362680",955,"SRC","ITGB3"
"9606.ENSP00000452786","9606.ENSP00000379350",984,"ITGB1","ITGB3"
"9606.ENSP00000452786","9606.ENSP00000341189",933,"PTK2","ITGB3"
"9606.ENSP00000452786","9606.ENSP00000401303",961,"SHC1","ITGB3"
"9606.ENSP00000466090","9606.ENSP00000225275",984,"MPO","ELANE"
"9606.ENSP00000466090","9606.ENSP00000234347",985,"PRTN3","ELANE"
"9606.ENSP00000477713","9606.ENSP00000011653",999,"CD4","LCK"
"9606.ENSP00000477713","9606.ENSP00000376345",964,"GRB2","LCK"
"9606.ENSP00000477713","9606.ENSP00000386559",999,"CD8A","LCK"
"9606.ENSP00000477713","9606.ENSP00000264033",854,"CBL","LCK"
"9606.ENSP00000477713","9606.ENSP00000365012",862,"HCK","LCK"
"9606.ENSP00000477713","9606.ENSP00000428924",882,"LYN","LCK"
"9606.ENSP00000477713","9606.ENSP00000362680",867,"SRC","LCK"
"9606.ENSP00000477713","9606.ENSP00000411355",984,"PTPRC","LCK"
"9606.ENSP00000477713","9606.ENSP00000264657",906,"STAT3","LCK"
"9606.ENSP00000477908","9606.ENSP00000343952",939,"CCR6","CCL3"
"9606.ENSP00000477908","9606.ENSP00000246657",857,"CCR7","CCL3"
"9606.ENSP00000478763","9606.ENSP00000489597",996,"PTPN11","SIRPA"
"9606.ENSP00000478763","9606.ENSP00000391592",845,"PTPN6","SIRPA"
"9606.ENSP00000478763","9606.ENSP00000376345",844,"GRB2","SIRPA"
"9606.ENSP00000478887","9606.ENSP00000335153",911,"HSP90AA1","MYC"
"9606.ENSP00000478887","9606.ENSP00000264709",977,"DNMT3A","MYC"
"9606.ENSP00000478887","9606.ENSP00000269305",958,"TP53","MYC"
"9606.ENSP00000479536","9606.ENSP00000234347",982,"PRTN3","CD177"
"9606.ENSP00000481249","9606.ENSP00000330341",943,"SOCS3","SOCS2"
"9606.ENSP00000481249","9606.ENSP00000496577",940,"SOCS1","SOCS2"
"9606.ENSP00000481249","9606.ENSP00000222139",879,"EPOR","SOCS2"
"9606.ENSP00000481249","9606.ENSP00000241453",810,"FLT3","SOCS2"
"9606.ENSP00000481380","9606.ENSP00000413720",919,"CDKN1C","CCNA2"
"9606.ENSP00000481380","9606.ENSP00000269305",974,"TP53","CCNA2"
"9606.ENSP00000481380","9606.ENSP00000384849",993,"CDKN1A","CCNA2"
"9606.ENSP00000481380","9606.ENSP00000266970",999,"CDK2","CCNA2"
"9606.ENSP00000485129","9606.ENSP00000497102",957,"CTLA4","ICOSLG"
"9606.ENSP00000489597","9606.ENSP00000401303",995,"SHC1","PTPN11"
"9606.ENSP00000489597","9606.ENSP00000376345",999,"GRB2","PTPN11"
"9606.ENSP00000489597","9606.ENSP00000391592",947,"PTPN6","PTPN11"
"9606.ENSP00000489597","9606.ENSP00000264657",915,"STAT3","PTPN11"
"9606.ENSP00000489597","9606.ENSP00000354952",997,"GAB2","PTPN11"
"9606.ENSP00000489597","9606.ENSP00000478763",996,"SIRPA","PTPN11"
"9606.ENSP00000489597","9606.ENSP00000341208",921,"STAT5A","PTPN11"
"9606.ENSP00000489597","9606.ENSP00000371067",946,"JAK2","PTPN11"
"9606.ENSP00000489597","9606.ENSP00000360683",900,"PTPN1","PTPN11"
"9606.ENSP00000489597","9606.ENSP00000354394",902,"STAT1","PTPN11"
"9606.ENSP00000489597","9606.ENSP00000341189",801,"PTK2","PTPN11"
"9606.ENSP00000489597","9606.ENSP00000300305",900,"RUNX1","PTPN11"
"9606.ENSP00000489597","9606.ENSP00000257290",911,"PDGFRA","PTPN11"
"9606.ENSP00000489597","9606.ENSP00000497102",981,"CTLA4","PTPN11"
"9606.ENSP00000489597","9606.ENSP00000275493",993,"EGFR","PTPN11"
"9606.ENSP00000489597","9606.ENSP00000261799",972,"PDGFRB","PTPN11"
"9606.ENSP00000489597","9606.ENSP00000362680",996,"SRC","PTPN11"
"9606.ENSP00000489597","9606.ENSP00000293328",882,"STAT5B","PTPN11"
"9606.ENSP00000489597","9606.ENSP00000499900",841,"JAK1","PTPN11"
"9606.ENSP00000489597","9606.ENSP00000346300",856,"CRKL","PTPN11"
"9606.ENSP00000489597","9606.ENSP00000269571",831,"ERBB2","PTPN11"
"9606.ENSP00000494504","9606.ENSP00000225474",900,"CSF3","THPO"
"9606.ENSP00000494504","9606.ENSP00000252723",900,"EPO","THPO"
"9606.ENSP00000494504","9606.ENSP00000361548",998,"MPL","THPO"
"9606.ENSP00000494750","9606.ENSP00000379350",957,"ITGB1","ACTB"
"9606.ENSP00000494750","9606.ENSP00000335153",821,"HSP90AA1","ACTB"
"9606.ENSP00000494750","9606.ENSP00000452786",901,"ITGB3","ACTB"
"9606.ENSP00000494750","9606.ENSP00000437125",839,"HSPA8","ACTB"
"9606.ENSP00000495360","9606.ENSP00000265165",999,"LEF1","CTNNB1"
"9606.ENSP00000495360","9606.ENSP00000275493",821,"EGFR","CTNNB1"
"9606.ENSP00000495360","9606.ENSP00000264033",806,"CBL","CTNNB1"
"9606.ENSP00000495360","9606.ENSP00000362680",953,"SRC","CTNNB1"
"9606.ENSP00000495360","9606.ENSP00000339527",991,"FOXO3","CTNNB1"
"9606.ENSP00000495360","9606.ENSP00000269571",890,"ERBB2","CTNNB1"
"9606.ENSP00000495360","9606.ENSP00000361423",845,"ABL1","CTNNB1"
"9606.ENSP00000495360","9606.ENSP00000262367",994,"CREBBP","CTNNB1"
"9606.ENSP00000495951","9606.ENSP00000431418",982,"NTRK1","KITLG"
"9606.ENSP00000495951","9606.ENSP00000296870",942,"IL3","KITLG"
"9606.ENSP00000495951","9606.ENSP00000288135",999,"KIT","KITLG"
"9606.ENSP00000496577","9606.ENSP00000371067",998,"JAK2","SOCS1"
"9606.ENSP00000496577","9606.ENSP00000481249",940,"SOCS2","SOCS1"
"9606.ENSP00000496577","9606.ENSP00000330341",940,"SOCS3","SOCS1"
"9606.ENSP00000496577","9606.ENSP00000499900",995,"JAK1","SOCS1"
"9606.ENSP00000497102","9606.ENSP00000485129",957,"ICOSLG","CTLA4"
"9606.ENSP00000497102","9606.ENSP00000391592",936,"PTPN6","CTLA4"
"9606.ENSP00000497102","9606.ENSP00000489597",981,"PTPN11","CTLA4"
"9606.ENSP00000499900","9606.ENSP00000362195",898,"CSF3R","JAK1"
"9606.ENSP00000499900","9606.ENSP00000376345",806,"GRB2","JAK1"
"9606.ENSP00000499900","9606.ENSP00000489597",841,"PTPN11","JAK1"
"9606.ENSP00000499900","9606.ENSP00000496577",995,"SOCS1","JAK1"
"9606.ENSP00000499900","9606.ENSP00000276927",940,"IFNA1","JAK1"
"9606.ENSP00000499900","9606.ENSP00000354394",992,"STAT1","JAK1"
"9606.ENSP00000499900","9606.ENSP00000293328",942,"STAT5B","JAK1"
"9606.ENSP00000499900","9606.ENSP00000226730",914,"IL2","JAK1"
"9606.ENSP00000499900","9606.ENSP00000264657",994,"STAT3","JAK1"
"9606.ENSP00000499900","9606.ENSP00000428924",800,"LYN","JAK1"
"9606.ENSP00000499900","9606.ENSP00000222139",932,"EPOR","JAK1"
"9606.ENSP00000499900","9606.ENSP00000341208",949,"STAT5A","JAK1"
"9606.ENSP00000499900","9606.ENSP00000371067",998,"JAK2","JAK1"
"9606.ENSP00000499900","9606.ENSP00000391592",806,"PTPN6","JAK1"
"9606.ENSP00000499900","9606.ENSP00000275493",832,"EGFR","JAK1"
"9606.ENSP00000499900","9606.ENSP00000330341",998,"SOCS3","JAK1"
"9606.ENSP00000499900","9606.ENSP00000385675",871,"IL6","JAK1"
